20230904,20231123,20231225,20240101	
	20231009,20231123,20231124,20231225,20231226,20231227,20231228,20231229,20240101,20230905,20230906,20230925,20231107
20230905,20230906,20230925,20231107	
	20231010,20231011,20231012,20231013,20231016,20231017,20231018,20231019,20231020,20231023,20231024,20231025,20231026,20231027,20231030,20231031,20231101,20231102,20231103,20231106,20231107,20231108,20231109,20231110,20231113,20231114,20231115,20231116,20231117,20231120,20231121,20231122,20231123,20231127,20231128,20231129,20231130,20231201,20231204,20231205,20231206,20231207,20231208,20231211,20231212,20231213,20231214,20231215,20231218,20231219,20231220,20231221,20231222,20231225
20230904,20231123,20231225,20240101	
	20231009,20231123,20231124,20231225,20231226,20231227,20231228,20231229,20240101,20230905,20230906,20230925,20231107
20230905,20230906,20230925,20231107	
	20231010,20231011,20231012,20231013,20231016,20231017,20231018,20231019,20231020,20231023,20231024,20231025,20231026,20231027,20231030,20231031,20231101,20231102,20231103,20231106,20231107,20231108,20231109,20231110,20231113,20231114,20231115,20231116,20231117,20231120,20231121,20231122,20231123,20231127,20231128,20231129,20231130,20231201,20231204,20231205,20231206,20231207,20231208,20231211,20231212,20231213,20231214,20231215,20231218,20231219,20231220,20231221,20231222,20231225
20230904,20231123,20231225,20240101	
	20231009,20231123,20231124,20231225,20231226,20231227,20231228,20231229,20240101,20230905,20230906,20230925,20231107
20230905,20230906,20230925,20231107	
	20231010,20231011,20231012,20231013,20231016,20231017,20231018,20231019,20231020,20231023,20231024,20231025,20231026,20231027,20231030,20231031,20231101,20231102,20231103,20231106,20231107,20231108,20231109,20231110,20231113,20231114,20231115,20231116,20231117,20231120,20231121,20231122,20231123,20231127,20231128,20231129,20231130,20231201,20231204,20231205,20231206,20231207,20231208,20231211,20231212,20231213,20231214,20231215,20231218,20231219,20231220,20231221,20231222,20231225
20230904,20231123,20231225,20240101	
20230903,20231122,20231224,20231231	
	20231009,20231123,20231124,20231225,20231226,20231227,20231228,20231229,20240101,20230905,20230906,20230925,20231107
	20231008,20231122,20231123,20231224,20231225,20231226,20231227,20231228,20231231,20230904,20230905,20230924,20231106
20230905,20230906,20230925,20231107	
20230904,20230905,20230924,20231106	
	20231010,20231011,20231012,20231013,20231016,20231017,20231018,20231019,20231020,20231023,20231024,20231025,20231026,20231027,20231030,20231031,20231101,20231102,20231103,20231106,20231107,20231108,20231109,20231110,20231113,20231114,20231115,20231116,20231117,20231120,20231121,20231122,20231123,20231127,20231128,20231129,20231130,20231201,20231204,20231205,20231206,20231207,20231208,20231211,20231212,20231213,20231214,20231215,20231218,20231219,20231220,20231221,20231222,20231225
	20231009,20231010,20231011,20231012,20231015,20231016,20231017,20231018,20231019,20231022,20231023,20231024,20231025,20231026,20231029,20231030,20231031,20231101,20231102,20231105,20231106,20231107,20231108,20231109,20231112,20231113,20231114,20231115,20231116,20231119,20231120,20231121,20231122,20231126,20231127,20231128,20231129,20231130,20231203,20231204,20231205,20231206,20231207,20231210,20231211,20231212,20231213,20231214,20231217,20231218,20231219,20231220,20231221,20231224