#added	removed
20230901	
20230915,20230929,20230922,20231006	
20231004,20230913,20230927,20230920	
20230926,20231003	
20230904	
20231001,20230917,20230924,20230910	
20230908	
20230918,20231002,20230911,20230925	
20230926,20230912,20231003,20230919	
20230906	
20230907	
20230929,20230908,20230915,20230922,20231006	
20231004,20230920,20230913,20230927	
20230830	
20230912	
20230929	
20230906	
20230915,20230929,20230908,20230922	
20231002,20230918,20230911,20230925	
20230914,20230928,20230921	
20230927,20230913,20230920	
20230922	
20230929	
20231005,20230921,20230928	
20230903,20230910,20230917,20230924,20231001	
20230928,20231005,20230921	
20230903,20231001,20230924,20230917,20230910	
20231001,20230910,20230917,20230924	
20230907	
20230923	
20230930,20231007	
20230920	
20230921	
20230906,20231004,20230920,20230927,20230913	
20230915,20230908,20230929,20231006,20230922	
20231002,20230918,20230911,20230925,20230904	
20230915,20230908,20230922,20231006,20230929	
20230920,20230927,20230913,20231004,20230906	
20231005,20230907,20230928,20230914,20230921	
20231001,20230924	
20230902,20230916,20230909	
20230923,20230930,20231007	
20230929,20231006,20230922	
20230918,20230911	
20230903,20230910,20230924,20231001,20230917	
20230904,20230911,20230918,20230925,20231002	
20230906,20231004,20230913,20230920,20230927	
20230929,20230908,20231006,20230915,20230922	
20230921,20230928,20231005	
20230922,20230929,20231006	
20231002,20230918,20230925	
20231004,20230920,20230927	
20231006,20230929	
20231006,20230915,20230922,20230929	
20231003,20230926,20230919	
20231005,20230921,20230928	
20231006,20230929,20230922	
20230918,20231002,20230925	
20230924,20230917,20231001	
20231004,20230927,20230920	
20231005,20230928,20230921	
20230930	
20230920,20230913,20230927,20231004	
20230904	
20231003,20230926,20230912,20230919	
20231004,20230913,20230927,20230920	
20230907,20230921,20231005,20230914,20230928	
20230920,20230913,20230927,20231004,20230906	
20230929,20230915,20231006,20230922,20230908	
20230902,20230909,20230923,20230916,20230930,20231007	
20230831	
20230914,20230928,20231005,20230921	
20231002,20230918,20230911,20230925	
20230906	
20230919	
20230830	
20230922,20230929,20231006,20230915	
20231003,20230919,20230912,20230926	
20230914	
20230915,20231006,20230922,20230929	
20230918	
20231005,20230928	
20230925,20230911,20230918	
20230922,20230929,20230915	
20231004,20230927	
20230915,20230922,20230929	
20230918,20230911,20230925	
20230914,20230928,20230921,20231005	
20230929,20230922,20231006	
20231004,20230920,20230927	
20230902	
20231003,20230919,20230926	
20230917	
20230921	
20230919	
20230922,20230929,20231006,20230915,20230901,20230908	
20230924,20231001	
20230912	
20230915	
20230926,20231003	
20230929,20231006	
20231005,20230928	
20230904,20230911	
20230930,20230923,20231007	
20231003,20230926,20230919	
20231005,20230928	
20230920,20230913	
20230929	
20230913	
20230920,20231004,20230927	
20231003,20230919,20230926	
20230922,20231006,20230915,20230929	
20230928,20230914,20230921,20231005	
20230908	
20230921	
20230909	
20230910	
20230924,20230917,20231008,20231001	
20230922	
20230919,20231003,20230912,20230926	
20230914	
20230915	
20230929,20231006	
20231004,20230927	
20230927,20231004,20230913,20230920	
20230905	
20230911,20230918,20231002,20230925	
20230921,20231005,20230928,20230914	
20230831	
20230926,20231003	
20230927	
20231003	
20231005	
20230927	
20231003,20230926	
20230906,20230830	
20231002,20230918,20230925	
20231003,20230919,20230926	
20231004,20230927,20230920	
20230915,20230908	
20230904	
20230909	
20230908	
20230923,20230909,20230916,20230930,20231007	
20230920	
20230905,20230912,20230926,20230919,20231003	
20230910,20230917	
20230921	
20230930,20230923,20231007,20230916	
20230913,20230920	
20230926,20231003	
20230927,20231004	
20231005,20230928	
20230905,20230919,20230912,20230926,20231003	
20230914,20231005,20230907,20230921,20230928	
20230907,20230914	
20231003,20230926	
20230921,20230914	
20230925	
20231002	
20231004	
20230924,20231001,20230917	
20230912,20231003,20230919,20230926	
20230906	
20230922,20230915,20231006,20230929	
20230919,20230912,20231003,20230905,20230926	
20231002,20230904,20230911,20230918,20230925	
20230918	
20230920	
20230906	
20230913	
20230918	
20230908	
20230923,20231007,20230930,20230916	
20230907	
20230909	
20230911	
20230913	
20231004,20230927	
20231002	
20231006	
20230926	
20230907	
20230915	
20230919,20231003,20230912,20230926	
20231002,20230918,20230925	
20230901	
20230921,20230914,20230928,20230907,20231005	
20230910	
20230927,20231004	
20230924,20231001	
20230908,20230915	
20230919	
20230921	
20230915,20230922	
20231005	
20230911	
20230912	
20230930,20231007,20230923	
20231002,20230925,20230918	
20230920	
20230830	
20230905	
20231005,20230928	
20230920	
20230909,20230902	
20230831	
20230905	
20230914,20231005,20230921,20230928	
20230926	
20230905	
20230906	
20230908	
20230831,20230907	
20230920,20230913,20230927,20231004	
20230904	
20230909,20230923,20231007,20230916,20230930	
20230901	
20230903	
20230924	
20230919	
20230922	
20230918	
20230905,20230919,20230912,20230926,20231003	
20230914,20230921	
20230923	
20230925,20231002	
20230927,20231004	
20230911,20230918	
20230912,20230919	
20230926	
20230916,20231007,20230923,20230930	
20230916	
20231007	
20230919	
20230908	
20230925,20231002,20230918,20230911	
20230930,20230916,20231007,20230923	
20230921	
20231002,20230925	
20230905	
20230921	
20230903	
20230925	
20230914	
20230906	
20230907	
20230926,20230912,20230919	
20230916	
20230930,20231007	
20230919	
20230913	
20230919,20230912	
20230925,20231002	
20230922	
20231003	
20230914	
20230915	
20230923,20230909,20230902,20230916	
20230909	
20230905	
20230919	
20230907	
20230908	
20230922	
20230907	
20230902	
20231002,20230925	
20230912	
20230928,20231005	
20230929,20231006	
20230903	
20230911	
20230909	
20230916	
20230920	
20230914	
20230905,20230912	
20230906,20230913	
20230918	
20230920	
20231006	
20231001	
20230914,20230921,20230928,20231005	
20231001	
20230911	
20230912	
20230906	
20230928	
20231004	
20230913	
20230928	
20230830	
20230831	
20230910	
20230927	
20230928	
20230907	